Отбор,Риск,Регион,ID проекта,Проект,Город,Округ,Район,Класс,Девелопер,Застройщик,Плановая дата РВЭ,Стадия реализации,Стадия строительства,Статус графика
проблемный,высокий (заморожен),Щёлково,2ca4d5c5067dea9fabd4bdbecc6d3cb1,Горизонт,Щёлково,,Щёлково г.о.,Комфорт,Бизнеслэнд,Бизнеслэнд,2019-04-30,Заморожен,Монтажные и отделочные работы,просрочка (не в графике)
проблемный,средний (снят с продажи),Москва,c6bcf2246d22d85f1e0b6c7a965b58df,Турист,Москва,СВАО,Ростокино,Эконом,Алтай,Февраль,2022-01-31,Удален,Реконструкция,просрочка (не в графике)
проблемный,средний (снят с продажи),Сочи,54c8c3337371a5fff89d2d8d558ed4a4,Volna Resort Line One,Сочи,Сочи г.о.,Адлерский р-н,Элитный,AR Group,Nedvex,2023-09-30,Удален,Монтажные и отделочные работы,просрочка (не в графике)
проблемный,высокий (заморожен),Старая Купавна,0dae2a614a344f51b839f16cec512bc7,Венеция,Старая Купавна,,Богородский г.о.,Комфорт,Восточная инвестиционно-строительная компания,Восточная инвестиционно-строительная компания,2023-09-30,Заморожен,Работы нулевого цикла,просрочка (не в графике)
проблемный,средний (снят с продажи),пгт Красная Поляна,24136c9c9c9e80201c393fbff6af628e,Высота 511,пгт Красная Поляна,,Адлерский р-н,Бизнес,Талан-Сервис,ТАЛАН,2024-04-30,Удален,"Получение РВЭ, благоустройство территории",просрочка (не в графике)
проблемный,средний (снят с продажи),Сочи,2212495d03711981d25a146918a0fae9,Coral Family,Сочи,Сочи г.о.,Адлерский р-н,Бизнес,ИП Балюк Алексей Эдуардович,ИП Балюк Алексей Эдуардович,2024-06-30,Удален,Реконструкция,просрочка (не в графике)
проблемный,средний (снят с продажи),Сочи,ee5d37290728d6cbc5f087eb9c4171df,ATRIUM AVENUE,Сочи,Сочи г.о.,Хостинский р-н,Бизнес,Nedvex ,Nedvex,2024-12-30,Удален,Реконструкция,просрочка (не в графике)
проблемный,высокий (заморожен),Сочи,40aceaf33b6a7cc8ae997b1d8e69d0da,LOO RESORT & SPA,Сочи,Сочи г.о.,Сочи г.о.,Премиум,РостИнвестСтрой,РостИнвестСтрой,2025-03-31,Замороженный,Монтажные и отделочные работы,просрочка (не в графике)
проблемный,высокий (заморожен),Новосибирск,568e7d17de308b40e4f140f192d2847d,Сибирячка,Новосибирск,,Ленинский,Эконом,Плюс-К,СТРОЙ-ПЛЮС,2025-03-31,Замороженный,Монтажные и отделочные работы,просрочка (не в графике)
проблемный,средний (снят с продажи),Москва,5fc5ccc257c198fdb83ea90cf8acd259,Мюр и Мерилиз / Дом на Малой Грузинской,Москва,ЦАО,Пресненский,Премиум,October Group,"МАЛАЯ ГРУЗИНСКАЯ, 3.6",2025-03-31,Удален,Строительство не начато,просрочка (не в графике)
проблемный,средний (снят с продажи),Сочи,e907ea8a4ce22074b11f63eff509121e,Radisson Collection Hotel,Сочи,Сочи г.о.,Сочи г.о.,Элитный,AR Group,КРАСМАШЕВСКИЙ,2025-06-30,Удален,Монтажные и отделочные работы,просрочка (не в графике)
проблемный,средний (снят с продажи),Москва,7ab8c4cd85faf5cd0ffd13e911b2c9e2,Мой адрес на 2-й Фрезерной 6,Москва,ЮВАО,Нижегородский,Комфорт,КП УГС,Фонд Реновации,2025-06-30,Удален,Монтажные и отделочные работы,просрочка (не в графике)
проблемный,средний (снят с продажи),Сочи,57ba96aec6b45ef1c6626e58e1b5c507,Морская Панорама,Сочи,Сочи г.о.,Сочи г.о.,Бизнес,Данелян Руслан Левонович ,Данелян Руслан Левонович ,2025-11-30,Удален,"Получение РВЭ, благоустройство территории",просрочка (не в графике)
проблемный,средний (снят с продажи),Артём,bb7deb65060825497cb9e24d5e4774ee,Лесной,Артём,,Артёмовский г.о.,Комфорт,ОСК,ОСК,2025-12-30,Удален,Работы нулевого цикла,просрочка (не в графике)
проблемный,"низкий (задержка, в продаже)",Казань,54a993d2868cf0d8fa56e8003b3189c9,Дом по ул. Хади Атласи,Казань,,Вахитовский,Бизнес,Суварстроит,СТРОЙРЕСУРС ИНВЕСТ,2025-12-30,В реализации,"Получение РВЭ, благоустройство территории",просрочка (не в графике)
проблемный,"низкий (задержка, в продаже)",Уссурийск,9affa3f88911b987487ed94f2727a1d5,Ягоды,Уссурийск,,Уссурийский г.о.,Комфорт,КОРАЛ РЭД,КОРАЛ РЭД,2025-12-31,В реализации,"Получение РВЭ, благоустройство территории",просрочка (не в графике)
проблемный,средний (снят с продажи),Красная поляна пгт,87e62ebc38ad5c731e9924b1cb535e2c,Крепость,Красная поляна пгт,,Сочи г.о.,Элитный,Винокуров М. С.,Инотек,2025-12-31,Удален,Работы нулевого цикла,просрочка (не в графике)
проблемный,средний (снят с продажи),Каневская ст-ца,49320ec33d9518899800c82c52399a8e,Южный городок,Каневская ст-ца,,Каневской м.о,Эконом,ФИРМА-ЮГ-УНИВЕРСАЛ,ФИРМА-ЮГ-УНИВЕРСАЛ,2025-12-31,Удален,Начало монтажных работ,просрочка (не в графике)
проблемный,средний (снят с продажи),дер. Бородки,2a733e281d07b45ac59fc549fec46bc9,Грибовский лес,дер. Бородки,,Одинцовский г.о.,Бизнес-,М1 Девелопмент,СИМОН ДЖЕССО,2025-12-31,Удален,Монтажные и отделочные работы,просрочка (не в графике)
проблемный,средний (снят с продажи),село Сватково,f639d1f18bc27281cac3933a6376dcfa,Новое Сватково 2,село Сватково,,Сергиево-Посадский г.о.,Эконом,Меркон Групп,МЕРКОН ГРУПП,2025-12-31,Удален,Монтажные и отделочные работы,просрочка (не в графике)
проблемный,средний (снят с продажи),Александровка с.,c3ec37505af173cf6d56a8d5e57bacff,ЖК на ул. Радио,Александровка с.,,Ейск г.о.,Эконом,ГРАЖДАНПРОМСТРОЙ,ГРАЖДАНПРОМСТРОЙ,2026-02-28,Удален,Начало монтажных работ,просрочка (не в графике)
проблемный,высокий (заморожен),пос. Мещерино,ea383acbbdef6ff7806f8845b9450ace,Светлый мир БиоПолис,пос. Мещерино,,Ленинский г.о.,Комфорт,ДАРС,ССД МСК ВОСТОК,2026-03-30,Заморожен,Монтажные и отделочные работы,просрочка (не в графике)
проблемный,средний (снят с продажи),Москва,d72183164b10cd5d5b175075d739bbee,Светлый мир Сказочный лес,Москва,СВАО,Ярославский,Комфорт,Seven Suns Development,МСК ЛОСИНООСТРОВСКАЯ,2026-03-31,Удален,Монтажные и отделочные работы,просрочка (не в графике)
проблемный,средний (снят с продажи),Марьино дер.,f39c5826272356e7628b41cf15f1c8a3,Квартал Марьино,Марьино дер.,НАО,Филимонковский,Комфорт,Самолет,САМОЛЕТ-МАРЬИНО 1,2026-03-31,Удален,Монтажные и отделочные работы,просрочка (не в графике)
проблемный,"низкий (задержка, в продаже)",Шушары пос.,25483388798c242bcb2b6a6ce5ee5432,Дом на Пушкинской,Шушары пос.,,Пушкинский,Комфорт,Атлант,АЛЬЯНС-СТРОЙ,2026-04-30,В реализации,Монтажные и отделочные работы,просрочка (не в графике)
проблемный,"низкий (задержка, в продаже)",Подольск,13e1aefb798cd5264298e1c69d3df420,Красная горка (Подольск),Подольск,,Подольск г.о.,Эконом,Стройпромавтоматика, ВОСТОЧНЫЙ1,2026-04-30,В реализации,Монтажные и отделочные работы,просрочка (не в графике)
проблемный,"низкий (задержка, в продаже)",Балашиха,74f300d00fc99f8acd6092f42bdc6513,Сантерра / Sunterra,Балашиха,,Балашиха г.о.,Комфорт,САНТЕРРА,САНТЕРРА,2026-04-30,В реализации,Монтажные и отделочные работы,просрочка (не в графике)
проблемный,"низкий (задержка, в продаже)",Одинцово,a6b1c9778cee42c8d57cf1805d09233b,Аметист,Одинцово,,Одинцовский г.о.,Комфорт,АМЕТИСТ,АМЕТИСТ,2026-04-30,В реализации,Монтажные и отделочные работы,просрочка (не в графике)
проблемный,"низкий (задержка, в продаже)",дер. Зимёнки,6d659f915ca3c31c2756835c38530a57,Новое Летово,дер. Зимёнки,НАО,Коммунарка,Комфорт,Стройком,ГАРАНТ-ИНВЕСТ,2026-04-30,В реализации,Монтажные и отделочные работы,просрочка (не в графике)
проблемный,"низкий (задержка, в продаже)",дер. Алхимово,16f7a77a64a8bcab8a02a04b8c65a839,Подольские кварталы,дер. Алхимово,НАО,Щербинка,Комфорт,Самолет,РЯЗАНОВСКОЕ 1,2026-04-30,В реализации,Монтажные и отделочные работы,просрочка (не в графике)
проблемный,"низкий (задержка, в продаже)",Москва,ab00d668c37be377e8bd689a168f17f6,Страна.Озерная,Москва,ЗАО,Очаково-Матвеевское,Комфорт,Страна Девелопмент,ОЗЕРНАЯ,2026-05-20,В реализации,Монтажные и отделочные работы,просрочка (не в графике)
активный,мониторинг,Санкт-Петербург,9344275ab84a238f5c3ee04f966caa39,ASTRVM / Дом Билибина,Санкт-Петербург,,Петроградский,Элитный,Yard Group,ПРОМСТРОЙКОМПЛЕКТ,2026-06-26,В реализации,Монтажные и отделочные работы,в графике
активный,мониторинг,Уссурийск,55a7ea3ce2e614adec60c292b337b920,Престиж,Уссурийск,,Уссурийский г.о.,Комфорт,Акфур,Акфур,2026-06-30,В реализации,Монтажные и отделочные работы,в графике
активный,мониторинг,село Черниговка,7992248da615cbf0764c50deda4933e3,Уютный,село Черниговка,,Черниговский м.о.,Эконом,Восток-Лидер,ЧЕРНИГОВСКИЙ,2026-06-30,В реализации,Монтажные и отделочные работы,в графике
активный,мониторинг,Ростов-на-Дону,58ab18a0a10c862131b8c9c06a8031d5,Легенда Ростова,Ростов-на-Дону,,Ворошиловский,Комфорт,МСК,МСК-ДОН,2026-06-30,В реализации,Монтажные и отделочные работы,в графике
активный,мониторинг,Ростов-на-Дону,8c8d2757696c800e95b516182b4c76c3,1799,Ростов-на-Дону,,Ленинский,Бизнес-,Неометрия,"ПУШКИНСКАЯ, ДОМ № 1",2026-06-30,В реализации,"Получение РВЭ, благоустройство территории",в графике
активный,мониторинг,Ростов-на-Дону,3e618f720abf591525e4f771f12dfc6d,Сокольники,Ростов-на-Дону,,Советский,Комфорт,Сокол,ГАЛАКТИКА 4,2026-06-30,В реализации,Монтажные и отделочные работы,в графике
активный,мониторинг,Ростов-на-Дону,b2494dbbdef848edf6b403ed9163b63f,Культура,Ростов-на-Дону,,Кировский,Комфорт,СК10,КП №5,2026-06-30,В реализации,Монтажные и отделочные работы,в графике
активный,мониторинг,Ростов-на-Дону,bb5aa8295ad50cfffb998e1d6401bdad,Высотка,Ростов-на-Дону,,Первомайский,Комфорт,СПУТНИК,СПУТНИК,2026-06-30,В реализации,Монтажные и отделочные работы,в графике
активный,мониторинг,Ростов-на-Дону,4b63f8f5ec002db42fa11ba9f971143b,Клубный дом Баухаус,Ростов-на-Дону,,Октябрьский,Бизнес,АВЕ-ГРУПП,АВЕ-ГРУПП,2026-06-30,В реализации,Монтажные и отделочные работы,в графике
активный,мониторинг,Красная поляна пгт,1581c078b80a8493a2250f468c6b7a73,Sun Peak,Красная поляна пгт,,Сочи г.о.,Премиум,Югстроймонолит,Югстроймонолит,2026-06-30,В реализации,"Получение РВЭ, благоустройство территории",в графике
активный,мониторинг,Сочи,e60dbfb56e39b19c62aea039a5872484,Москва,Сочи,Сочи г.о.,Сочи г.о.,Премиум,Альпика групп,СОЧИ-ПЛАЗА,2026-06-30,Удален,Реконструкция,в графике
активный,мониторинг,Анапа,71fa66dc65922c6a4364c32224375107,Центральный (Анапа),Анапа,,Анапа м.о.,Комфорт,Гамма,ЦЕНТР СТРОЙ,2026-06-30,В реализации,Монтажные и отделочные работы,в графике
активный,мониторинг,Сочи,b9d92574715ea90ea054b9078964a5d8,Лестория,Сочи,Сочи г.о.,Сочи г.о.,Бизнес-,Неометрия,РОДИНА,2026-06-30,В реализации,Монтажные и отделочные работы,в графике
активный,мониторинг,Сочи,60cc5097d90214abba1f37a69a60142b,Greenmont / Нескучный сад,Сочи,,Сочи г.о.,Бизнес,Неометрия,ЗЕЛЕНАЯ ГОРКА,2026-06-30,В реализации,Монтажные и отделочные работы,в графике
активный,мониторинг,Голубицкая ст-ца,6a62cabd784b0061e79fa82f92ffd2c0,Оазис Азова,Голубицкая ст-ца,,Темрюк м.о.,Комфорт,Капстрой,КАПСТРОЙ В,2026-06-30,В реализации,Монтажные и отделочные работы,в графике
активный,мониторинг,Анапа,eca274b3055109ce9b54226b337d8781,Императорский парк,Анапа,,Анапа м.о.,Комфорт,ОБД-Инвест,ЮГ-ЦЕНТР-4,2026-06-30,В реализации,Монтажные и отделочные работы,в графике
активный,мониторинг,Анапа,07bd46b1bd7ed7e55c01f89be9f5e7e6,Kairos / Сезоны,Анапа,,Анапа м.о.,Бизнес,ЛАРГУС БЭЙ,ЛАРГУС БЭЙ,2026-06-30,В реализации,Монтажные и отделочные работы,в графике
активный,мониторинг,Ейск,e6d38729959f9b2f3f4d8a06dff18171,Кубанская усадьба,Ейск,,Ейск г.о.,Эконом,КУБАНСКАЯ УСАДЬБА,КУБАНСКАЯ УСАДЬБА,2026-06-30,В реализации,Монтажные и отделочные работы,в графике
активный,мониторинг,Кропоткин,ce10854bfb47343480564adf2f08a997,Фестивальный (Кропоткин),Кропоткин,,Кропоткинский м.о.,Комфорт,Теплый дом,Теплый Дом,2026-06-30,В реализации,Монтажные и отделочные работы,в графике
активный,мониторинг,Сочи,d61b01fb05553028eb0374808900daec,Отражение (Сочи),Сочи,Сочи г.о.,Сочи г.о.,Бизнес-,НОСТА,СТРОЙИНЖИНИРИНГ,2026-06-30,В реализации,Монтажные и отделочные работы,в графике
активный,мониторинг,Новороссийск,6f776fa5e4fa77d5561ca9a0ac15bbf1,Море Море,Новороссийск,,Новороссийск м.о.,Бизнес,Черное море,ЧЁРНОЕ МОРЕ,2026-06-30,Удален,Работы нулевого цикла,в графике
активный,мониторинг,Сукко с.,bcd90c1f7a745d86700f5d01f8ea550c,Кипарис,Сукко с.,,Анапа м.о.,Комфорт,Bravo,Легис,2026-06-30,В реализации,Монтажные и отделочные работы,в графике
активный,мониторинг,Сочи,b6bec44e4e34b63d2853aaab351169c0,Alpika / DOM XIII,Сочи,Сочи г.о.,Сочи г.о.,Элитный,Альпика групп,БЦС,2026-06-30,В реализации,Монтажные и отделочные работы,в графике
активный,мониторинг,Красная поляна пгт,beab211029e00549c00644efbecceba0,CHALET DELUXE,Красная поляна пгт,,Сочи г.о.,Бизнес+,Корпорация Остров Первый - 1,Корпорация Остров Первый ,2026-06-30,В реализации,Монтажные и отделочные работы,в графике
активный,мониторинг,Геленджик,4c8857721f13b7604172466f3ab0590b,River Rock Gelendzhik,Геленджик,,Геленджик г.о.,Бизнес+,ГЕЛЕНДЖИК,ГЕЛЕНДЖИК,2026-06-30,В реализации,Монтажные и отделочные работы,в графике
активный,мониторинг,Сочи,ff419c6388dc514a57ae10206111048f,Южное море-2,Сочи,Сочи г.о.,Сочи г.о.,Бизнес,Еврострой,САТУРН,2026-06-30,В реализации,Монтажные и отделочные работы,в графике
активный,мониторинг,Казань,1f18a1469e1bc5736aef520937fdcac1,Комос на Тукая,Казань,,Вахитовский,Бизнес+,КОМОССТРОЙ,КОМОССТРОЙ ТУКАЯ ,2026-06-30,В реализации,Монтажные и отделочные работы,в графике
активный,мониторинг,Казань,88640b92926e7b3094dca9842b2d407b,Эдельвейс,Казань,,Приволжский,Бизнес-,ТЕХНОСТРОЙ,ТЕХНОСТРОЙ,2026-06-30,В реализации,Монтажные и отделочные работы,в графике
активный,мониторинг,Новосибирск,6635b4ca704fac31bd881936430a6a12,Салют,Новосибирск,,Ленинский,Комфорт,SKY Group,Архипелаг,2026-06-30,В реализации,Монтажные и отделочные работы,в графике
активный,мониторинг,Новосибирск,8a6e2baab7eb88863365a33fbe3b41e8,Расцветай на Дуси Ковальчук,Новосибирск,,Центральный,Комфорт,Расцветай,Премьера,2026-06-30,В реализации,Монтажные и отделочные работы,в графике
активный,мониторинг,Новосибирск,204e54c943ef5bc7af94a8937f03beaa,Черемушки на Приморской,Новосибирск,,Советский,Эконом,ОЛОВОЗАВОДСКАЯ,СИБИНВЕСТСТРОЙ,2026-06-30,В реализации,Монтажные и отделочные работы,в графике
активный,мониторинг,Новосибирск,8cd84129cb246b0d168893c53bb3edfc,Римский квартал,Новосибирск,,Октябрьский,Бизнес,РимЭлитСтрой,РИМЭЛИТСТРОЙ,2026-06-30,В реализации,"Получение РВЭ, благоустройство территории",в графике
активный,мониторинг,Екатеринбург,d376027a2636d80aca215badf5014254,Первый Академ (3-й квартал),Екатеринбург,Академический,Академический,Эконом,Кортрос,РСГ-Академическое,2026-06-30,В реализации,"Получение РВЭ, благоустройство территории",в графике
активный,мониторинг,Москва,abbe3d360cfc7c65c3ca62a1de1c4f94,Allegoria Mosca,Москва,ЦАО,Хамовники,Элитный,Стройтэкс,М ТЕХНОЛОГИЯ,2026-06-30,Удален,Монтажные и отделочные работы,в графике
активный,мониторинг,Москва,179a2784246fc585d654ce9dfefcc7f3,Воксхолл / Voxhall,Москва,ЦАО,Замоскворечье,Бизнес,Группа Эталон,Комплект,2026-06-30,В реализации,"Получение РВЭ, благоустройство территории",в графике
активный,мониторинг,Москва,bf97eb9a92f7fb8f3c8e83d9bf225aec,Инноватор,Москва,ЗАО,Раменки,Комфорт,УЭЗ,ТПУ МИЧУРИНСКИЙ ПРОСПЕКТ,2026-06-30,В реализации,Монтажные и отделочные работы,в графике
активный,мониторинг,Москва,46c93135ff941c327ecc2629a7f24326,Фон Дессин / Чистые пруды,Москва,ЦАО,Басманный,Элитный,SMINEX,Чистые пруды,2026-06-30,В реализации,Реконструкция,в графике
активный,мониторинг,Москва,3581ea745bcea633e3a1dd94423059b0,Верейская 41,Москва,ЗАО,Можайский,Бизнес-,Самолет,САМОЛЕТ-ВЕРЕЙСКАЯ,2026-06-30,В реализации,Монтажные и отделочные работы,в графике
активный,мониторинг,Москва,469bc25ebd5db0209a1efc67fb5f8469,Первый Нагатинский,Москва,ЮАО,Нагатино-Садовники,Бизнес-,ПРАЙМ ЛАЙФ,АЛЬФА,2026-06-30,В реализации,Монтажные и отделочные работы,в графике
активный,мониторинг,Москва,2bd56430d277a5092bd409056d3789ec,Поклонная No. 7,Москва,ЗАО,Дорогомилово,Бизнес,Бэсткон,Спецстрой-1,2026-06-30,Удален,Монтажные и отделочные работы,в графике
активный,мониторинг,Москва,b8764ac0c783e1144322b4f8e8245d29,Life Time / ONEST,Москва,ЦАО,Пресненский,Премиум,SMINEX,СЕРГЕЯ МАКЕЕВА,2026-06-30,В реализации,Монтажные и отделочные работы,в графике
активный,мониторинг,Москва,454204a37eec1b3e7e66d349435f1a2e,Интеллигент,Москва,ЦАО,Басманный,Бизнес-,УЭЗ,ТПУ Электрозаводская,2026-06-30,В реализации,Монтажные и отделочные работы,в графике
активный,мониторинг,Москва,eca3803113a690c18f12b6d2696198db,Репаблик / Republic,Москва,ЦАО,Пресненский,Бизнес+,Страна Девелопмент,Пресненский вал 27,2026-06-30,В реализации,Монтажные и отделочные работы,в графике
активный,мониторинг,Москва,3d8b7c3eb4b08e7b807c805e0ba5c11f,Саввинская 27,Москва,ЦАО,Хамовники,Элитный,Level Group,ИНВЕСТ МЕНЕДЖМЕНТ ГРУПП,2026-06-30,В реализации,Монтажные и отделочные работы,в графике
активный,мониторинг,Москва,eacdab3d02f6992c2a9d4316c25ae450,Инсайдер / Insider,Москва,ЮАО,Даниловский,Бизнес,РКС Девелопмент,ПАРИТЕТ,2026-06-30,В реализации,Монтажные и отделочные работы,в графике
активный,мониторинг,Москва,8c10108416b4d1cbe4df8ec29d9f6e79,Opus / Опус,Москва,ЮАО,Даниловский,Премиум,Пионер,ОПУС,2026-06-30,В реализации,Монтажные и отделочные работы,в графике
активный,мониторинг,Москва,e1e76643fc6437530cf82ff13925e011,Мираполис,Москва,СВАО,Ярославский,Бизнес-,Основа,ТПУ РОСТОКИНО,2026-06-30,В реализации,Монтажные и отделочные работы,в графике
активный,мониторинг,Москва,2c619a258a7577831995cf06dc6028bd,Варшавские ворота,Москва,ЮАО,Чертаново Южное,Комфорт,РГ-Девелопмент,Флавосинтек,2026-06-30,В реализации,Монтажные и отделочные работы,в графике
активный,мониторинг,Москва,7c2bacff8fcbbcc0d7ddc5b9480b5f0a,ORO,Москва,ЦАО,Красносельский,Бизнес-,Stenoy,Красносельская,2026-06-30,Удален,Монтажные и отделочные работы,в графике
активный,мониторинг,Москва,d04e605d694da6d5348ceecfafc9fc58,БРЮСОВ / BRUSOV,Москва,ЦАО,Пресненский,Элитный,Vos'hod,ФЕНИКС,2026-06-30,В реализации,Монтажные и отделочные работы,в графике
активный,мониторинг,Москва,d134922ea9fb37fa3a638f543fca5a87,СТОРИС на Мосфильмовской / Stories на Мосфильмовской / Stories,Москва,ЗАО,Раменки,Бизнес,October Group,ЭТАЛОНИ ЕВРОПА,2026-06-30,В реализации,Монтажные и отделочные работы,в графике
активный,мониторинг,Москва,5e6f65034eff7a24678ef310446eb0bf,Деко Резиденс / Deco Residence,Москва,ЮАО,Даниловский,Бизнес+,Ташир,МИР-ДЕВЕЛОПМЕНТ,2026-06-30,В реализации,Монтажные и отделочные работы,в графике
активный,мониторинг,Москва,aa437793fc0a68c4422ca51001753214,Обыденский 1,Москва,ЦАО,Хамовники,Элитный,SMINEX,СМАЙНЭКС ОБЫДЕНСКИЙ №1,2026-06-30,В реализации,Монтажные и отделочные работы,в графике
активный,мониторинг,Москва,6a091f9794211a9cb9df11506f7409fe,Дом на Зорге,Москва,САО,Сокол,Бизнес-,А101,ЗОРГЕ 25,2026-06-30,В реализации,Монтажные и отделочные работы,в графике
активный,мониторинг,Москва,065fa016fd1e2331a36dbfc1a8cb2d5f,Квартал Домашний,Москва,ЮВАО,Марьино,Комфорт,Самолет,Самолет-Донецкая,2026-06-30,В реализации,Монтажные и отделочные работы,в графике
активный,мониторинг,Москва,cf4a445b5c9c86e8026bcd046fdce57a,АХЕД / AHEAD,Москва,ЗАО,Филёвский Парк,Премиум,Vos'hod,ВКС ИНВЕСТ,2026-06-30,В реализации,Монтажные и отделочные работы,в графике
активный,мониторинг,Москва,7cf71afcb57dec251ccd9c19655d6f6b,Дом Франка,Москва,ЦАО,Мещанский,Элитный,Трансстройинвест,Доходный дом,2026-06-30,В реализации,Монтажные и отделочные работы,в графике
активный,мониторинг,Москва,8d55b2ed26a51e48eda0c13424c906c5,Твелв / Twelve,Москва,ЮАО,Нагорный,Бизнес-,Tekta Group,ТЕКТА-НАГОРНАЯ,2026-06-30,В реализации,Монтажные и отделочные работы,в графике
активный,мониторинг,Санкт-Петербург,236d6e3eb6210f1d1bfdd072ea988628,Про.Молодость,Санкт-Петербург,,Невский,Комфорт,PLAZA LOTUS GROUP,Стайл-Строй,2026-06-30,В реализации,Монтажные и отделочные работы,в графике
активный,мониторинг,Санкт-Петербург,c7d6bba40611893273af5aba494b01fd,Meltzer Hall,Санкт-Петербург,,Петроградский,Элитный,Альфа Фаберже,ПетроЦентр,2026-06-30,Удален,Монтажные и отделочные работы,в графике
активный,мониторинг,Санкт-Петербург,bc25fe70288e001981108ff5bfec1de0,Лиговский 127,Санкт-Петербург,,Центральный,Бизнес-,VITA,СФЕРА,2026-06-30,В реализации,Реконструкция,в графике
активный,мониторинг,Санкт-Петербург,a440d1d485a252d86f276d860111c90f,Е.волюция / Менделеев,Санкт-Петербург,,Московский,Бизнес,Seven Suns Development,Структура-2,2026-06-30,Удален,Монтажные и отделочные работы,в графике
активный,мониторинг,Санкт-Петербург,2549093cd2366b5d1b579658d5ba67f2,ЙЕС Лидер / YE’S LEADER,Санкт-Петербург,,Московский,Комфорт,Лидер Групп,БТК,2026-06-30,В реализации,Монтажные и отделочные работы,в графике
активный,мониторинг,Санкт-Петербург,f1515e2e9cdb5b65f25ae815c59e3e56,Life Apart Октябрьская,Санкт-Петербург,,Невский,Комфорт,МАКСИМУМ Life Development,ЛАО,2026-06-30,В реализации,Реконструкция,в графике
активный,мониторинг,Санкт-Петербург,adf062060500319332808fc739ccdd45,Talento,Санкт-Петербург,,Московский,Бизнес,Fizika Development,ИНДИКАТОР,2026-06-30,В реализации,Монтажные и отделочные работы,в графике
активный,мониторинг,Санкт-Петербург,d040b57878a5f789ecb2d768cf1fda4b,Вольта,Санкт-Петербург,,Красногвардейский,Комфорт,ПИК,ЛАДОЖСКИЙ,2026-06-30,В реализации,Монтажные и отделочные работы,в графике
активный,мониторинг,Санкт-Петербург,584ea05f2bee066b8164d9e2c591aae8,GloraX Парголово,Санкт-Петербург,,Выборгский,Комфорт,GloraX,ЭС ПИ РАЙТЕРС,2026-06-30,В реализации,Монтажные и отделочные работы,в графике
активный,мониторинг,Санкт-Петербург,1041456c063649067a122198941363dc,Регенбоген,Санкт-Петербург,,Василеостровский,Бизнес-,Красная Стрела,СТРУКТУРА-4,2026-06-30,В реализации,Монтажные и отделочные работы,в графике
активный,мониторинг,Шушары пос.,5f6d1e60db5e443dd80fb07943bd0724,Образцовый квартал 15,Шушары пос.,,Пушкинский,Эконом,Центр Развития,Терминал-Ресурс,2026-06-30,В реализации,Монтажные и отделочные работы,в графике
активный,мониторинг,Пушкин,6d786220acf2778aecfb788b162060a1,VI Квартал / Новый дом,Пушкин,,Пушкинский,Бизнес,Kronung,ГРАФИТ,2026-06-30,В реализации,Монтажные и отделочные работы,в графике
активный,мониторинг,Санкт-Петербург,8990dd7049f6551e45313ef79c286677,Кинопарк,Санкт-Петербург,,Красносельский,Комфорт,РСТИ,РСТИ НА ТАМБАСОВА ,2026-06-30,В реализации,Монтажные и отделочные работы,в графике
активный,мониторинг,Колпино,659a6581ea80206266eeacccd35bac33,Квартал Заречье,Колпино,,Колпинский,Комфорт,ИнтерГрупп,"ЗАГОРОДНАЯ, 71",2026-06-30,В реализации,Монтажные и отделочные работы,в графике
активный,мониторинг,Санкт-Петербург,652cb54ec56dbeed18f2ee72b6eb8d23,"Well Московский / Ленинский, 153",Санкт-Петербург,,Московский,Комфорт,Formula City,ТАЙВАС,2026-06-30,В реализации,Монтажные и отделочные работы,в графике
активный,мониторинг,Зеленогорск,436b9715bb33e493e4f25af7340d00e5,Ранта Резиденс / Ranta Residence,Зеленогорск,,Курортный,Бизнес,LAR Development,РАНТА РЕЗИДЕНС,2026-06-30,В реализации,Монтажные и отделочные работы,в графике
активный,мониторинг,Санкт-Петербург,f05ac43908b75f4cfda687c49a4d7d5b,Уют,Санкт-Петербург,,Калининский,Комфорт,С-8,С-8,2026-06-30,В реализации,Монтажные и отделочные работы,в графике
активный,мониторинг,Мытищи,31fb47dc47482fc006b0464094778e38,Адрес,Мытищи,,Мытищи г.о.,Комфорт,АРТКЛАСС-ДЕВЕЛОПМЕНТ,Т-ОТЕЛЬ,2026-06-30,В реализации,Монтажные и отделочные работы,в графике
активный,мониторинг,пгт Лесной Городок,b48d86708874acb52ce615cba4bdb713,Олива / Вектор Лесной,пгт Лесной Городок,,Одинцовский г.о.,Комфорт,Вектор,ВН Город,2026-06-30,В реализации,Монтажные и отделочные работы,в графике
активный,мониторинг,Звенигород,26a21085fc6879d9731f467a1e2213c2,Восточный,Звенигород,,Одинцовский г.о.,Эконом,Фонд Развития Территорий / Стройпромавтоматика,Восточный6,2026-06-30,В реализации,Монтажные и отделочные работы,в графике
активный,мониторинг,Ступино,2f605ca1b86cedd76596badbd6752d16,Ступино / Центральный (Ступино),Ступино,,Ступино г.о.,Комфорт,ТРОЙКА ПЛЮС,ТРОЙКА ПЛЮС,2026-06-30,В реализации,Монтажные и отделочные работы,в графике
активный,мониторинг,Одинцово,1751095b077bb9a7ccd20c2e63c9d873,Каштановая Роща,Одинцово,,Одинцовский г.о.,Комфорт,АльфаСтройИнвест,ИЗМАЛКОВО НЕДВИЖИМОСТЬ,2026-06-30,Удален,Монтажные и отделочные работы,в графике
активный,мониторинг,Озёры,e37e3184985d06be85cec352117481b1,Молодёжный (Озёры),Озёры,,Коломенский г.о.,Комфорт,ТРОЙКА ПЛЮС,Стимул,2026-06-30,В реализации,Монтажные и отделочные работы,в графике
активный,мониторинг,Красногорск,2cb442ad71fb03f2b11fe5ffb21017d6,Квартал Строгино,Красногорск,,Красногорск г.о.,Комфорт,Самолет,САМОЛЕТ-СТРОГИНО ПАРК,2026-06-30,В реализации,Монтажные и отделочные работы,в графике
активный,мониторинг,Дубна,60a6142e78e9759c06db52f6c2a1e7c5,Элемент,Дубна,,Дубна г.о.,Комфорт,Элемент,ЭЛЕМЕНТ,2026-06-30,В реализации,Монтажные и отделочные работы,в графике
активный,мониторинг,Химки,9e678119cc2de8e7f57b05638ea16ec6,Планерный квартал,Химки,,Химки г.о.,Комфорт,СУ - 9,ЖИЛСТРОЙ,2026-06-30,В реализации,Монтажные и отделочные работы,в графике
активный,мониторинг,Ильинский рп.,f30ff4ec8ecb5f4326b57babb97c112b,Театральный / G3 Театральный,Ильинский рп.,,Раменский г.о.,Комфорт,G3 Group,ДЖИ ТРИ ИЛЬИНСКИЙ,2026-06-30,В реализации,Монтажные и отделочные работы,в графике
активный,мониторинг,Домодедово,94f58c3fd77792ce2101135113e801e2,Оптима / Ледово,Домодедово,,Домодедово г.о.,Эконом,Премьера,ЛЕДОВСКАЯ,2026-06-30,В реализации,Монтажные и отделочные работы,в графике
активный,мониторинг,Мещерино пос.,553328e658990d95a6d438eb520b1711,Южная Долина,Мещерино пос.,,Ленинский г.о.,Комфорт,RDI,К ПРОЕКТ,2026-06-30,В реализации,Монтажные и отделочные работы,в графике
активный,мониторинг,Химки,bc3e9ea16577ecb140621dd9c0ed6ac3,Мишино-2,Химки,,Химки г.о.,Комфорт,ХИМКИНСКОЕ СМУ МОИС-1,Ю-ИНВЕСТ,2026-06-30,В реализации,Монтажные и отделочные работы,в графике
активный,мониторинг,Балашиха,33c72dd1a47df0fbd1fdedfc9efce6ab,Квартал Светлый,Балашиха,,Балашиха г.о.,Комфорт,Сетьстрой,УК СЕТЬСТРОЙ БАЛАШИХА,2026-06-30,В реализации,Монтажные и отделочные работы,в графике
активный,мониторинг,дер. Богданиха,5679817fd28d31204c9d31953945fd4c,Богдановский Лес,дер. Богданиха,,Ленинский г.о.,Комфорт,Самолет,САМОЛЕТ-БОГДАНОВСКИЙ ЛЕС,2026-06-30,В реализации,Монтажные и отделочные работы,в графике
активный,мониторинг,Марьино дер.,81efc534511114bc02df8e7e5075ad67,Отрада на реке,Марьино дер.,,Красногорск г.о.,Бизнес,Отрада Девелопмент,Отрада Девелопмент,2026-06-30,В реализации,Монтажные и отделочные работы,в графике
активный,мониторинг,Пушкино,3bebf8596fe6324d2b378608e059e557,7 небо,Пушкино,,Пушкинский г.о.,Комфорт,Профи-Инвест,ПРОФИ-ЭЛИТСТРОЙ,2026-06-30,В реализации,Монтажные и отделочные работы,в графике
активный,мониторинг,Сергиев Посад,7bddd775c80dfdc8f641f64303a8277a,Московский,Сергиев Посад,,Сергиево-Посадский г.о.,Комфорт,СПСИТИ,СПСИТИ,2026-06-30,В реализации,Монтажные и отделочные работы,в графике
активный,мониторинг,Марушкино дер.,026d2ab39e476e4c4b5f5fe4de3e1589,Родные кварталы,Марушкино дер.,НАО,Внуково,Комфорт,А101,ТИК,2026-06-30,В реализации,Монтажные и отделочные работы,в графике
активный,мониторинг,Марушкино дер.,e74fa2ad844b6b59fa20bb8938bf3077,Внуково Парк 2,Марушкино дер.,НАО,Внуково,Эконом,Атлант,МИЛЛЕНИУМ,2026-06-30,В реализации,Монтажные и отделочные работы,в графике
активный,мониторинг,Артём,be6c22f532d67f729c590a1afafffc54,Солнечный город,Артём,,Артёмовский г.о.,Комфорт,Восток-Лидер,ЛИДЕР-1,2026-09-30,В реализации,Монтажные и отделочные работы,в графике
активный,мониторинг,Артём,477a7a44e73379eb8b5620b200c7d739,Аргумент,Артём,,Артёмовский г.о.,Комфорт,ДомАртем,АРТЕМСТРОЙ-ДВ,2026-09-30,В реализации,Монтажные и отделочные работы,в графике
активный,мониторинг,Находка,bbdb60d6fd83be28404392d0fad8c79e,Дом на ул. Бокситогорская,Находка,,Находкинский г.о.,Эконом,Римэко,Римэко,2026-09-30,Удален,Монтажные и отделочные работы,в графике
активный,мониторинг,Арсеньев,e49dbe85a46d236eb30c6785be1816cf,Прогрессивный,Арсеньев,,Арсеньевский г.о.,Комфорт,Ars-dom,ДДВ,2026-09-30,В реализации,Монтажные и отделочные работы,в графике
активный,мониторинг,Ростов-на-Дону,1ba3d648d6c093e762550572b517b797,Регата,Ростов-на-Дону,,Ленинский,Комфорт,РостовДомСтрой,СК-РДС,2026-09-30,В реализации,Монтажные и отделочные работы,в графике
активный,мониторинг,Ростов-на-Дону,ebd46553e2639215a501bcb480ba196a,Донской Арбат-2,Ростов-на-Дону,,Кировский,Комфорт,МСК,СПЕКТР,2026-09-30,В реализации,Монтажные и отделочные работы,в графике
активный,мониторинг,Ростов-на-Дону,3567a5f57d147a8c188bd20c0f46c071,Панорама на Театральном,Ростов-на-Дону,,Пролетарский,Комфорт,Доннефтестрой,ДОННЕФТЕСТРОЙ-ТЕАТРАЛЬНЫЙ,2026-09-30,В реализации,Монтажные и отделочные работы,в графике
активный,мониторинг,Ростов-на-Дону,66eec83b528b04c1649b9c039e03df50,Притяжение,Ростов-на-Дону,,Советский,Комфорт,Доннефтестрой,Зенит-Девелопмент,2026-09-30,В реализации,Монтажные и отделочные работы,в графике
активный,мониторинг,Ростов-на-Дону,02015b0f275928655eb71a1ef3250bb4,Реноме,Ростов-на-Дону,,Кировский,Премиум,РСК-ДОМ №2,РСК-ДОМ №2,2026-09-30,В реализации,Монтажные и отделочные работы,в графике
активный,мониторинг,Раздольное с.,a520750797e07dd18c61990c1ff24599,Горный квартал,Раздольное с.,,Сочи г.о.,Комфорт,AVA Group,БИЗНЕСПРОЕКТ,2026-09-30,В реализации,Монтажные и отделочные работы,в графике
активный,мониторинг,Сочи,9b66c8ef09b80b2aaf9eac7d27078ff9,Парк Отель Мацеста / Park Hotel Macesta,Сочи,Сочи г.о.,Сочи г.о.,Комфорт,ЛИДЕР+,ЛИДЕР+,2026-09-30,В реализации,Монтажные и отделочные работы,в графике
активный,мониторинг,Сочи,1deed4029fc2ec67c021fcacf049861a,Ливингстон / Livingston,Сочи,Сочи г.о.,Сочи г.о.,Элитный,СОЧИОЙЛСТРОЙ,ГК СОЧИОЙЛСТРОЙ,2026-09-30,В реализации,Монтажные и отделочные работы,в графике
активный,мониторинг,Сочи,123f6cdbbe542a25027b234318a48389,Cosmos Hotel Kurortny,Сочи,Сочи г.о.,Сочи г.о.,Бизнес,КР+,ВЕРТИКАЛЬ ИНВЕСТ,2026-09-30,В реализации,Монтажные и отделочные работы,в графике
активный,мониторинг,Марьянская ст.,fc98c3a43cd1680c1cb66c1523d44f4a,Дзенпарк,Марьянская ст.,,Красноармейский м.о.,Комфорт,Средастрой,МАРЬЯНСКИЙ ПАРК,2026-09-30,В реализации,Монтажные и отделочные работы,в графике
активный,мониторинг,Ольгинка с.,068a5a3c5a4726c1ef2c4ae4a9e1359a,Cosmos Stay Olginka Moreol',Ольгинка с.,,Туапсинский м.о.,Бизнес,НОСТА,Альфаинвест,2026-09-30,В реализации,Монтажные и отделочные работы,в графике
активный,мониторинг,Сочи,9065bc46a382fdfb02d1e85a46e108b7,COSMOS STAY ADLER,Сочи,Сочи г.о.,Сочи г.о.,Бизнес,ИЗВЕСТИЯ ХИЛЛ,ИЗВЕСТИЯ ХИЛЛ,2026-09-30,В реализации,Монтажные и отделочные работы,в графике
активный,мониторинг,Казань,b8bb6c3035e2b1e8de3a7b87406c93c7,Авторы на Большой,Казань,,Кировский,Бизнес,Авторы,Девелопер №2,2026-09-30,В реализации,"Получение РВЭ, благоустройство территории",в графике
активный,мониторинг,Казань,fcb24e9bd54a3e9db21f44f4815101ed,ПаркМаяк,Казань,,Приволжский,Комфорт,КОМОССТРОЙ,ЖК ПАРКМАЯК,2026-09-30,В реализации,Монтажные и отделочные работы,в графике
активный,мониторинг,Казань,46b6c2f1598c2b4339d7206461c0aa9b,Стрела,Казань,,Приволжский,Комфорт,СТРЕЛА-ДЕВЕЛОПМЕНТ,СТРЕЛА-ДЕВЕЛОПМЕНТ,2026-09-30,В реализации,Монтажные и отделочные работы,в графике
активный,мониторинг,Казань,12d2351e89031ac7019070e49f75a4e3,Притяжение (Казань),Казань,,Советский,Комфорт,ТСИ,ТСИ-161,2026-09-30,В реализации,Монтажные и отделочные работы,в графике
активный,мониторинг,Казань,a4e19a921c11354d4bd2520624c3191e,Клубный дом Шаляпина XV,Казань,,Приволжский,Бизнес,ШАЛЯПИНА ПЯТНАДЦАТЬ,ШАЛЯПИНА ПЯТНАДЦАТЬ,2026-09-30,В реализации,Монтажные и отделочные работы,в графике
активный,мониторинг,Новосибирск,be83687af6b4548cc31305f5124af474,ГАГАРИН СИТИ / GAGARIN CITY,Новосибирск,,Заельцовский,Бизнес,СИТИСТРОЙ,СИТИСТРОЙ,2026-09-30,В реализации,Монтажные и отделочные работы,в графике
активный,мониторинг,Новосибирск,2b018be6e3e1721d98ffc16efca7aae6,Фора,Новосибирск,,Калининский,Комфорт,Поляков,Фадеев,2026-09-30,В реализации,Монтажные и отделочные работы,в графике
активный,мониторинг,Новосибирск,0f40daa8d2a58509b67ba254bc7f531f,Квартал на Российской,Новосибирск,,Советский,Комфорт,Роснефтегазстрой-Академинвест,РНГС,2026-09-30,В реализации,Монтажные и отделочные работы,в графике
активный,мониторинг,Новосибирск,b1b2664a83485a4abd973a903eb88179,Цитатум / Citatum,Новосибирск,,Октябрьский,Комфорт,VIRA,ВИРА НА ГРИБОЕДОВА,2026-09-30,В реализации,Монтажные и отделочные работы,в графике
активный,мониторинг,Новосибирск,14d6717ffecf38fd9f577b40dde2cf2c,Ермак,Новосибирск,,Калининский,Комфорт,Дом Ермак,СЕВЕР-СТРОЙ,2026-09-30,В реализации,Монтажные и отделочные работы,в графике
активный,мониторинг,Санкт-Петербург,be50a84db105b2cd75fd622c9e271fc2,Империал Клаб / Imperial Club,Санкт-Петербург,,Василеостровский,Премиум,Setl Group,Остров Сити,2026-09-30,В реализации,Монтажные и отделочные работы,в графике
активный,мониторинг,Санкт-Петербург,fef74b31acf3632703c84e9ec10fc125,Титул в Московском,Санкт-Петербург,,Московский,Комфорт,Setl Group,Новый элемент,2026-09-30,В реализации,Монтажные и отделочные работы,в графике
активный,мониторинг,Санкт-Петербург,749b62d47a3e58213fc0aa8b9967e5ae,Пейзажный квартал,Санкт-Петербург,,Красногвардейский,Эконом,ЛСР,ЛСР. Недвижимость,2026-09-30,В реализации,Монтажные и отделочные работы,в графике
активный,мониторинг,Санкт-Петербург,78e1801899692a230f58833566d5be72,Астра Континенталь,Санкт-Петербург,,Невский,Комфорт,Setl Group,СЭТЛ СТАНДАРТ,2026-09-30,Удален,Монтажные и отделочные работы,в графике
активный,мониторинг,Санкт-Петербург,c42e2338b29636a1d27bf9c419a4ad44,Бионика Заповедная,Санкт-Петербург,,Приморский,Комфорт,Setl Group,СЭТЛ РАЗВИТИЕ,2026-09-30,В реализации,Монтажные и отделочные работы,в графике
активный,мониторинг,Санкт-Петербург,5d3aa109fafd84b73047338f7b54e1ab,Окла Вижн,Санкт-Петербург,,Приморский,Комфорт,ЛенСтройТрест,ЛСТ ЭКСПЕРТ,2026-09-30,В реализации,Монтажные и отделочные работы,в графике
активный,мониторинг,Шушары пос.,96f19a0bbc42babd4f7fb77ce0c9a1e0,Образцовый квартал 16,Шушары пос.,,Пушкинский,Эконом,Центр Развития,Терминал-Ресурс,2026-09-30,В реализации,Монтажные и отделочные работы,в графике
активный,мониторинг,Шушары пос.,94ad0977e1b995887405724fa9015a53,Образцовый квартал 17,Шушары пос.,,Пушкинский,Эконом,Центр Развития,Терминал-Ресурс,2026-09-30,В реализации,Монтажные и отделочные работы,в графике
активный,мониторинг,Санкт-Петербург,cbcfd4fbe1fa0877eb09c7470b819785,Monodom Art,Санкт-Петербург,,Василеостровский,Бизнес,Sun Development,АЛЬФА,2026-09-30,В реализации,Монтажные и отделочные работы,в графике
активный,мониторинг,Санкт-Петербург,e154ec403c6cbe56c77f2821b47114f5,Industrial Avenir,Санкт-Петербург,,Кировский,Комфорт,ПСК,СИНЕРГИЯ ДЕВЕЛОПМЕНТ,2026-09-30,В реализации,Монтажные и отделочные работы,в графике
активный,мониторинг,Одинцово,955aa9464a3222e84e57e7148e948259,Одинцово Сити,Одинцово,,Одинцовский г.о.,Комфорт,Атлантис Скай Сити,Атлантис Скай Сити,2026-09-30,В реализации,Монтажные и отделочные работы,в графике
активный,мониторинг,пос. Светлые Горы,52dac51054b22f47fc700c19722e7e3a,Лесная Отрада,пос. Светлые Горы,,Красногорск г.о.,Комфорт,Отрада Девелопмент,Отрада Девелопмент,2026-09-30,В реализации,Монтажные и отделочные работы,в графике
активный,мониторинг,Балашиха,f291af0ab49a201a45206655545f504e,Пехра,Балашиха,,Балашиха г.о.,Комфорт,Гранель,Гранель Гамма,2026-09-30,В реализации,Монтажные и отделочные работы,в графике
активный,мониторинг,Видное,4cb275d21e3cde81cb8311d5f9e32d86,Резиденция 15 / Rastorguevo Village,Видное,,Ленинский г.о.,Комфорт,VSN Invest,РЕЗИДЕНЦИЯ 15,2026-09-30,Удален,Монтажные и отделочные работы,в графике
активный,мониторинг,Луховицы,13e4fdbacce5102defab59a6fbf6dd6a,"Солнечный / Учебный, 9",Луховицы,,Луховицы г.о.,Комфорт,ТРОЙКА ПЛЮС,ИРИСТОН,2026-09-30,В реализации,Монтажные и отделочные работы,в графике
активный,мониторинг,Мытищи,49b7da2b2630a07cf5a98cd85be04aa7,Белый Град / Белый Мыс,Мытищи,,Мытищи г.о.,Комфорт,INGRAD,ФОРТУНА,2026-09-30,В реализации,Монтажные и отделочные работы,в графике
активный,мониторинг,Химки,acef1b9f26687423176526237893155d,Новое Вашутино,Химки,,Химки г.о.,Комфорт,Атлант,Стройинтел,2026-09-30,В реализации,Монтажные и отделочные работы,в графике
активный,мониторинг,Марьино пос.,7113e25750375d73a596cba5d6fd9363,Детали,Марьино пос.,НАО,Филимонковский,Комфорт,Plus Development,МАРЬИНО,2026-09-30,В реализации,Монтажные и отделочные работы,в графике
активный,мониторинг,Мамыри дер.,5c2c53df0bff363d7bf1def4b5be01ac,1-й Ясеневский,Мамыри дер.,НАО,Коммунарка,Комфорт,ФСК / ДСК-1,Щиброво,2026-09-30,В реализации,Монтажные и отделочные работы,в графике
активный,мониторинг,дер. Рогозинино,5acf4e90badbc78178ea8532b272b5b4,Vnukovo Country Club / Vnukovo Tennis Country Club / Vnukovo Sport Village,дер. Рогозинино,НАО,Филимонковский,Бизнес+,КАНТРИ КЛАБ,КАНТРИ КЛАБ,2026-09-30,В реализации,Монтажные и отделочные работы,в графике
активный,мониторинг,Саларьево дер.,47673796e59f713acaa81260f63ffe8a,1-й Саларьевский,Саларьево дер.,НАО,Коммунарка,Комфорт,ФСК / ДСК-1,ЮГО-ЗАПАД СТОЛИЦЫ,2026-09-30,В реализации,Монтажные и отделочные работы,в графике
активный,мониторинг,Спасск-Дальний,1ee386a0ba4e4530ee566a9c06c97234,ЖД по ул. О. Кошевого,Спасск-Дальний,,г.о. Спасск-Дальний,Комфорт,Новатис,НОВАТИС,2026-10-01,В реализации,Монтажные и отделочные работы,в графике
активный,мониторинг,Звенигород,f56718f92f4fbf94eacef74d50f1a515,Портал,Звенигород,,Одинцовский г.о.,Комфорт,ТРОЙКА ПЛЮС,ТРОЙКА ПЛЮС,2026-12-15,В реализации,Монтажные и отделочные работы,в графике
активный,мониторинг,Артём,904defde7df69118ddef1f2b4cde2f83,Тигровый квартал,Артём,,Артёмовский г.о.,Эконом,АРТСТРОЙТОРГ,АРТСТРОЙТОРГ,2026-12-30,В реализации,Монтажные и отделочные работы,в графике
активный,мониторинг,Новосибирск,d24db22c767f947047f92a99f4385fff,АЭРОН,Новосибирск,,Ленинский,Бизнес,SG Development,ЦЕНТР ЛЕВОГО БЕРЕГА,2026-12-30,В реализации,Монтажные и отделочные работы,в графике
активный,мониторинг,Находка,24efa1147e29cc337a3d6bab8d5ef985,На Северном проспекте 18,Находка,,Находкинский г.о.,Комфорт,Римэко,Римэко,2026-12-31,В реализации,Монтажные и отделочные работы,в графике
активный,мониторинг,Находка,092fd7430986ff93343f887f1f1cf448,Азимут / ЖК по пр-ту Мира,Находка,,Находкинский г.о.,Комфорт,Римэко,ВОСХОД,2026-12-31,В реализации,Монтажные и отделочные работы,в графике
активный,мониторинг,Уссурийск,4170d99e8a46b9da5b21ff7c0cd1b88d,Кленовый парк,Уссурийск,,Уссурийский г.о.,Комфорт,ИП­ПЕ­КО ДЕВЕЛОП­МЕНТ,ИППЕКО ДЕВЕЛОПМЕНТ,2026-12-31,В реализации,Монтажные и отделочные работы,в графике
активный,мониторинг,Уссурийск,92de6629ef79229d8e341f58d446ec08,Уссури Парк,Уссурийск,,Уссурийский г.о.,Комфорт,Азимут,	Азимут,2026-12-31,В реализации,Монтажные и отделочные работы,в графике
активный,мониторинг,Ростов-на-Дону,804e22c2ef821886a51d3be1b64d1d6f,Собрание,Ростов-на-Дону,,Кировский,Элитный,Альянс,АЛЬЯНС ГРУПП,2026-12-31,В реализации,Монтажные и отделочные работы,в графике
активный,мониторинг,Ростов-на-Дону,04867779172439a67cdf42c222d94e30,Летний сад,Ростов-на-Дону,,Ленинский,Премиум,MUVA DEVELOPMENT,КОРИФЕЙ,2026-12-31,В реализации,Монтажные и отделочные работы,в графике
активный,мониторинг,Ростов-на-Дону,7fe50cdfe1faab90c2c06d0b864d28fa,Клубный дом Парамонов,Ростов-на-Дону,,Кировский,Элитный,Зенит,Зенит,2026-12-31,В реализации,Монтажные и отделочные работы,в графике
активный,мониторинг,Ростов-на-Дону,309e667b241e6db3dea9ab1d1f5a44e8,Октябрь Парк,Ростов-на-Дону,,Октябрьский,Комфорт,ССК,РОСТОВСТРОЙ-ДОН,2026-12-31,В реализации,Монтажные и отделочные работы,в графике
активный,мониторинг,Ростов-на-Дону,9e066ed832033c65bf665f708a936f77,Космос (Ростов-на-Дону),Ростов-на-Дону,,Кировский,Бизнес-,СК10,СК10 №12,2026-12-31,В реализации,Монтажные и отделочные работы,в графике
активный,мониторинг,Ростов-на-Дону,17cacfbc07ce36e030849822d4c42136,Локация 9-11,Ростов-на-Дону,,Пролетарский,Комфорт,МАГНУМ,МАГНУМ,2026-12-31,В реализации,Монтажные и отделочные работы,в графике
активный,мониторинг,Ростов-на-Дону,83b7154ad3aa2db651a773f0226972d0,Манхэттен 2.0 Новая высота,Ростов-на-Дону,,Первомайский,Комфорт,НОСТА,МАНХЭТТЕН,2026-12-31,В реализации,Монтажные и отделочные работы,в графике
активный,мониторинг,Ростов-на-Дону,e81724fcc96fba923cfc3daa0c659007,Сезоны,Ростов-на-Дону,,Железнодорожный,Комфорт,СК10,КП №4,2026-12-31,В реализации,Монтажные и отделочные работы,в графике
активный,мониторинг,Сочи,4ec93b4cec032ce6246fcdbc20381db2,Фазотрон,Сочи,Сочи г.о.,Сочи г.о.,Бизнес,Альпика групп,Рахас Инвест,2026-12-31,В реализации,Монтажные и отделочные работы,в графике
активный,мониторинг,Агой с.,77bdd422e70b328c06a31923eddda80c,Агой-Парк,Агой с.,,Туапсинский м.о.,Комфорт,АГОЙ-ПАРК,АГОЙ-ПАРК,2026-12-31,В реализации,Монтажные и отделочные работы,в графике
активный,мониторинг,Голубицкая ст-ца,f158b53bd4c44a603ef7f54d61d1f267,Море тут,Голубицкая ст-ца,,Темрюк м.о.,Бизнес,Каскад,ИНВЕСТГРУПП,2026-12-31,В реализации,Монтажные и отделочные работы,в графике
активный,мониторинг,Абинск,e92cf7d9a11071504df31616f53a3b3c,Восточный (Абинск),Абинск,,Абинское м.о.,Эконом,Солнечный город,Солнечный город,2026-12-31,В реализации,Монтажные и отделочные работы,в графике
активный,мониторинг,Анапа,83e4b77e4c81fe02646c0317f082a5b3,Эден / Eden Family Hotel,Анапа,,Анапа м.о.,Комфорт,Развитие,ЮГСТРОЙЗАКАЗЧИК,2026-12-31,В реализации,Монтажные и отделочные работы,в графике
активный,мониторинг,Новороссийск,018074db013670b10cd1d3367521d2a2,Барса,Новороссийск,,Новороссийск м.о.,Бизнес,Точно,МЕГАСТРОЙ,2026-12-31,В реализации,Монтажные и отделочные работы,в графике
активный,мониторинг,Анапа,89f537fda6bcc1df310625c68de74f15,Корсаков,Анапа,,Анапа м.о.,Комфорт,ССК,ДОМСТРОЙАНАПА,2026-12-31,В реализации,Монтажные и отделочные работы,в графике
активный,мониторинг,Сочи,1ca3f1bfc537b113522f1104d3c9f5e5,Flavium,Сочи,,Сочи г.о.,Элитный,Форт,ЮЖНЫЙ,2026-12-31,В реализации,Монтажные и отделочные работы,в графике
активный,мониторинг,Тихорецк,b3ccb1c60914c224f2e4e07d33d020da,Новый город,Тихорецк,,Тихорецкий м.о.,Комфорт,Стройуниверсал,ПРЕМЬЕРСТРОЙ,2026-12-31,В реализации,Монтажные и отделочные работы,в графике
активный,мониторинг,Новороссийск,c2600c4dfa1b97ac0b7b06040e1ddaec,Порто-Ново,Новороссийск,,Новороссийск м.о.,Комфорт,DOGMA,ДОГМА ВОДА,2026-12-31,В реализации,Монтажные и отделочные работы,в графике
активный,мониторинг,Нижняя Гостагайка х.,45131c4ef8b37326fa1ad3d957bf531d,Усадьба Гостагаевская,Нижняя Гостагайка х.,,Анапа м.о.,Бизнес-,ССК,ССК АНАПА,2026-12-31,В реализации,Монтажные и отделочные работы,в графике
активный,мониторинг,Армавир,bcbe2f39504cb084713ca0f161f31273,Кумир,Армавир,,Армавир г.о.,Комфорт,АРТ ГРУПП,ФРОЙДА-Ф,2026-12-31,В реализации,Монтажные и отделочные работы,в графике
активный,мониторинг,Сочи,80aa8f1720cf18423a0157bb7bde346c,Резиденция на Соколова,Сочи,Сочи г.о.,Сочи г.о.,Бизнес,ИП Квиквиния Станислав Арониевич,ИП Квиквиния Станислав Арониевич,2026-12-31,В реализации,Реконструкция,в графике
активный,мониторинг,Казань,c50051760644ca59cbff0fd5e611de4f,Нова / NOVA,Казань,,Советский,Бизнес,НоваСтрой,БСП,2026-12-31,В реализации,Монтажные и отделочные работы,в графике
активный,мониторинг,Казань,f53ed5596fac99027629ff34ddb8d28a,Фермаполис,Казань,,Приволжский,Комфорт,КОМОССТРОЙ,КС БАРС,2026-12-31,В реализации,Монтажные и отделочные работы,в графике
активный,мониторинг,Казань,226f6f5bad0288fef8e630f1350dd8b9,Риваят,Казань,,Вахитовский,Бизнес,КамаСтройИнвест,Конграда,2026-12-31,В реализации,Монтажные и отделочные работы,в графике
активный,мониторинг,Казань,278da99bddc72898e63ed481f0bfd957,Терра / Terra,Казань,,Кировский,Комфорт,Бриз,ЗАРЕЧЬЕ,2026-12-31,В реализации,"Получение РВЭ, благоустройство территории",в графике
активный,мониторинг,Казань,7c0477bbecdf8cbc53040b2b0c41d29f,Ноты,Казань,,Вахитовский,Премиум,Маяк-Инвест,ЗАМАН,2026-12-31,В реализации,Монтажные и отделочные работы,в графике
активный,мониторинг,Казань,7035a08121b5ff65efd709d186aab15b,Дом на Туфана,Казань,,Московский,Бизнес-,НОВОЕ ЖИЛЬЕ,НОВОЕ ЖИЛЬЕ,2026-12-31,В реализации,Монтажные и отделочные работы,в графике
активный,мониторинг,Новосибирск,9a80461dd54fbcef2ac42a6b78af0c3a,Сакура Парк,Новосибирск,,Октябрьский,Комфорт,Расцветай,Астра,2026-12-31,В реализации,Монтажные и отделочные работы,в графике
активный,мониторинг,Новосибирск,f267ceeb81cc8e4c47abee331d8bd143,Лофт.Наука,Новосибирск,,Ленинский,Комфорт,Расцветай,ДИАДЕМА,2026-12-31,Удален,Реконструкция,в графике
активный,мониторинг,Новосибирск,47b705855b4caabfe2b870b8eea3c6de,Зелёный город,Новосибирск,,Октябрьский,Комфорт,Первый строительный фонд,СТАТУС,2026-12-31,В реализации,Монтажные и отделочные работы,в графике
активный,мониторинг,Новосибирск,827694604de78f4175aa313440b8d157,Гвардия,Новосибирск,,Ленинский,Комфорт,СМСС,ОКРУГ,2026-12-31,В реализации,Монтажные и отделочные работы,в графике
активный,мониторинг,Новосибирск,8a1efc7aff0f29ee36067db941268f01,Первый на Титова,Новосибирск,,Ленинский,Эконом,Первый строительный фонд,Альянс,2026-12-31,В реализации,Монтажные и отделочные работы,в графике
активный,мониторинг,Екатеринбург,8a8b386ebd7c540af4889b7ac6da7838,"Отдельный, 5",Екатеринбург,Кировский,Втузгородок,Комфорт,МОСТКО,ОТДЕЛЬНЫЙ 5,2026-12-31,В реализации,Монтажные и отделочные работы,в графике
активный,мониторинг,Екатеринбург,a5a8440c846ba2d165019b8a6a7b1205,Лето на Титова,Екатеринбург,Чкаловский,Чермет,Комфорт,Лето Девелопмент,ЛЕТО НА ТИТОВА,2026-12-31,В реализации,Монтажные и отделочные работы,в графике
активный,мониторинг,Шушары пос.,78980be3e6407354472843fe2f145317,Аэросити Клаб / Аэросити Club,Шушары пос.,,Пушкинский,Эконом,Лидер Групп,СТРОЙ-МАСТЕР,2026-12-31,В реализации,Монтажные и отделочные работы,в графике
активный,мониторинг,Санкт-Петербург,62109e9cbb9c090a0205e729f4aeef77,Сампсониевский 32,Санкт-Петербург,,Выборгский,Бизнес,LEGENDA Intelligent Development,ЛЕГЕНДА САМПСОНИЕВСКОГО,2026-12-31,В реализации,Монтажные и отделочные работы,в графике
активный,мониторинг,Санкт-Петербург,b0e26cecdf9610273d05a49e13d16510,Ye's Primorsky,Санкт-Петербург,,Приморский,Комфорт,РК-Газсетьсервис,К-25,2026-12-31,В реализации,Монтажные и отделочные работы,в графике
активный,мониторинг,Санкт-Петербург,5c1cac6dbba9fff6389739f99238278a,17/33,Санкт-Петербург,,Петроградский,Бизнес+,Element Development,ЭЛЕМЕНТ 1,2026-12-31,В реализации,Монтажные и отделочные работы,в графике
активный,мониторинг,Кронштадт,404a209d97cfb3821fe12d8b6c3d80f2,Кронфорт. Центральный,Кронштадт,,Кронштадтский,Бизнес,Алькор,АЛЬКОР-ЦЕНТРАЛЬНЫЙ,2026-12-31,В реализации,Монтажные и отделочные работы,в графике
активный,мониторинг,Шушары пос.,39d86e277828527ddd1b01448915b5dc,Пулково Лейк,Шушары пос.,,Пушкинский,Комфорт,ЛСР,СКВ СПб,2026-12-31,В реализации,Монтажные и отделочные работы,в графике
активный,мониторинг,Королёв,435d4fe46b7e422da3ce7e46d62b4466,Космический Квартал,Королёв,,Королёв г.о.,Комфорт,Самолет,Самолет-Королев,2026-12-31,В реализации,Монтажные и отделочные работы,в графике
активный,мониторинг,Ивантеевка,ccfacd575004b194eeb18d11abe5bdf2,Новая Ивантеевка,Ивантеевка,,Пушкинский г.о.,Комфорт,Профи-Инвест,ЗАВОДСКАЯ-1,2026-12-31,В реализации,Монтажные и отделочные работы,в графике
активный,мониторинг,село Николо-Урюпино,d501319a20ba494167f3a6d406e47588,Аникеевский / Лесобережный,село Николо-Урюпино,,Красногорск г.о.,Комфорт,Гранель,Гранель Город,2026-12-31,В реализации,Монтажные и отделочные работы,в графике
активный,мониторинг,Марусино дер.,2c3755447ec8d440c37e184882684e88,Легенда Марусино,Марусино дер.,,Люберцы г.о.,Комфорт,Некрасовка Девелопмент,МАРУСИНО,2026-12-31,В реализации,Монтажные и отделочные работы,в графике
активный,мониторинг,дачный пос. Поварово,7c963d0fd3a3ba9dea42ce0397d4125e,Поварово Молодежный-2,дачный пос. Поварово,,Солнечногорск г.о.,Эконом,Холдинг Агрострой,Стройиндустрия,2026-12-31,В реализации,Монтажные и отделочные работы,в графике
активный,мониторинг,Красногорск,e41947f85bba8222b2cdad7515527c2d,Никольский квартал Отрада,Красногорск,,Красногорск г.о.,Комфорт,Отрада Девелопмент,ОТРАДА ВИЛЛАДЖ,2026-12-31,Удален,Монтажные и отделочные работы,в графике
активный,мониторинг,коттеджный пос. Братовщина,048d5096aedf822bec88b44cb7646e3a,Пушкино Град,коттеджный пос. Братовщина,,Пушкинский г.о.,Комфорт,ДЕЛО ,ДЕЛО,2026-12-31,В реализации,Монтажные и отделочные работы,в графике
активный,мониторинг,Дубна,d0cfc21b23889b2bb2263f83c6dd1971,Бруно / BRUNO,Дубна,,Дубна г.о.,Комфорт,ВЭМЗ-ЭСТЕЙТ,ВЭМЗ-ЭСТЕЙТ,2026-12-31,В реализации,Работы нулевого цикла,в графике
активный,мониторинг,пгт Поварово,bf67ca4a399a0884f4a88cbcc3fd7b7c,Поварово Парк,пгт Поварово,,Солнечногорск г.о.,Эконом,Новый город,Новый город,2026-12-31,В реализации,Работы нулевого цикла,в графике
активный,мониторинг,Электросталь,efaf276f37c3f5868a665661dc275615,Северный квартал,Электросталь,,Электросталь г.о.,Эконом,Северный квартал ,Северный квартал,2026-12-31,В реализации,Монтажные и отделочные работы,в графике
активный,мониторинг,Щёлково,3f5439473808c7ed49ff16a637213857,Пустовский,Щёлково,,Щёлково г.о.,Эконом,Веста,Веста-2001,2026-12-31,В реализации,Монтажные и отделочные работы,в графике
активный,мониторинг,Пирогово дер.,8eaebc81c30edf2755ba437b24e98a69,Пироговская Ривьера,Пирогово дер.,,Мытищи г.о.,Комфорт,Rezidential Group,КомфортИнвест,2026-12-31,В реализации,Начало монтажных работ,в графике
активный,мониторинг,Бузланово дер.,f6d65c57495093794d9e798806ca4fda,Рига Хиллс / Riga Hills,Бузланово дер.,,Красногорск г.о.,Комфорт,UNION,ЯРКИЙ. РИГА,2026-12-31,В реализации,Монтажные и отделочные работы,в графике
активный,мониторинг,Звенигород,a6e3d288fd2231684250c9a430937e49,Малиново,Звенигород,,Одинцовский г.о.,Комфорт,Основа,ИВЕСТСТРОЙ,2026-12-31,В реализации,Монтажные и отделочные работы,в графике
активный,мониторинг,Котельники,df2f1b6592a5861a56d17f1d89e35817,Русич Котельники Парк,Котельники,,Котельники г.о.,Комфорт,РУСИЧ,НОВЫЕ КОТЕЛЬНИКИ,2026-12-31,В реализации,Монтажные и отделочные работы,в графике
активный,мониторинг,Жуковский,45ff2729738f6bfac81e908d3e063d2f,Гранд Комфорт,Жуковский,,Жуковский г.о.,Комфорт,Зеленый сад,ЗЕЛЕНЫЙ САД - ПРЕМЬЕР,2026-12-31,В реализации,Монтажные и отделочные работы,в графике
активный,мониторинг,Пушкино,7dbcf52f45094860a893d15f42c07fa9,Фабрикант,Пушкино,,Пушкинский г.о.,Комфорт,Профи-Инвест,Статус,2026-12-31,В реализации,Монтажные и отделочные работы,в графике
активный,мониторинг,Химки,52a495047edda96e519bc03410c34067,Химки Тайм,Химки,,Химки г.о.,Комфорт,ГРАД,ГРАД ИНВЕСТ СХОДНЯ,2026-12-31,В реализации,Монтажные и отделочные работы,в графике
активный,мониторинг,Пехорка дер.,4e0dd7c0759e1efc3e42fba0d6a1e7be,Дом в Малаховке,Пехорка дер.,,Люберцы г.о.,Комфорт,Карандаш,Маис,2026-12-31,В реализации,Монтажные и отделочные работы,в графике
активный,мониторинг,Газопровод пос.,263657717a32b8005507c1c76e081d90,Ольховый квартал,Газопровод пос.,НАО,Коммунарка,Комфорт,Самолет,МИЦ-3,2026-12-31,В реализации,Монтажные и отделочные работы,в графике
активный,мониторинг,Газопровод пос.,f646b29ae424f8a1ec05a574ae7f4903,Смарт Гарден / Smart Garden,Газопровод пос.,НАО,Коммунарка,Комфорт,Горакс,Горакс,2026-12-31,В реализации,Монтажные и отделочные работы,в графике
активный,мониторинг,Уссурийск,d14d1200f89dd30afaae68ab7a112860,Корсаков,Уссурийск,,Уссурийский г.о.,Комфорт,УЭС,УЭС,2027-03-01,В реализации,Монтажные и отделочные работы,в графике
активный,мониторинг,Большой Камень,fad4a04a5a8f5a52f9c528511e02c040,Престиж (Большой Камень),Большой Камень,,г.о. Большой Камень,Эконом,КВАРТАЛ-БК СЗ,КВАРТАЛ-БК СЗ,2027-03-11,В реализации,Монтажные и отделочные работы,в графике
активный,мониторинг,Казань,6c57df63b82a0cfd1f3dd94ea6e5eac7,Уникум на Проспекте Победы,Казань,,Советский,Комфорт,Унистрой,СТРОЙУСЛУГИ-2,2027-03-27,В реализации,Монтажные и отделочные работы,в графике
активный,мониторинг,Казань,a8614b433e560d7451dffea651aa1b93,Батталовский,Казань,,Приволжский,Комфорт,Суварстроит,СКАЗОЧНЫЙ ЛЕС-7,2027-03-30,В реализации,Монтажные и отделочные работы,в графике
активный,мониторинг,Сочи,ca393512a7926fea694d1233aa1b64af,Alean Resort Montvert,Сочи,Сочи г.о.,Сочи г.о.,Бизнес,Alean ,ЯКОРНАЯ ЩЕЛЬ,2027-03-31,Удален,Строительство не начато,в графике
активный,мониторинг,Тамань,18082a8dc54fc1d92036f82298474ddb,Лермонтов,Тамань,,Темрюк м.о.,Комфорт,Каскад,КАСКАД,2027-03-31,В реализации,Монтажные и отделочные работы,в графике
активный,мониторинг,Анапа,3b768d7a3423d87ca2500e86b3aa26e8,Мореград,Анапа,,Анапа м.о.,Комфорт,ССК,ГРАЖДАНСТРОЙАНАПА,2027-03-31,В реализации,Монтажные и отделочные работы,в графике
активный,мониторинг,Новороссийск,d83227169c3b10c28e16d938fe1747f2,Резиденция Морей,Новороссийск,,Новороссийск м.о.,Бизнес,ССК,ССК НОВОРОССИЙСК,2027-03-31,В реализации,Монтажные и отделочные работы,в графике
